[
  {
    "pdp": "https://images.unsplash.com/photo-1522556189639-b150ed9c4330?ixlib=rb-4.0.3&ixid=M3wxMjA3fDB8MHxwaG90by1wYWdlfHx8fGVufDB8fHx8fA%3D%3D&auto=format&fit=crop&w=1374&q=80",
    "name": "Tonny RASOLO",
    "progress": "48%",
    "graphique": [
      "green"
    ],
    "calcul": [
      "green"
    ],
    "formule": [
      "green"
    ],
    "statistique": [
      "yellow"
    ],
    "vb": [
      "red"
    ],
    "exportation": [
      "red"
    ],
    "chaine": [
      "green"
    ],
    "equation": [
      "green"
    ],
    "maths": [
      "green"
    ],
    "physique": [
      "green"
    ]
  }
]