{"nm":"购物袋","ddd":0,"h":1080,"w":1920,"meta":{"g":"@lottiefiles/toolkit-js 0.26.1"},"layers":[{"ty":4,"nm":"“购物袋”轮廓","sr":1,"st":0,"op":150.000006109625,"ip":0,"hd":false,"ddd":0,"bm":0,"hasMask":false,"ao":0,"ks":{"a":{"a":0,"k":[944,408,0],"ix":1},"s":{"a":0,"k":[100,100,100],"ix":6},"sk":{"a":0,"k":0},"p":{"a":0,"k":[944,408,0],"ix":2},"r":{"a":1,"k":[{"o":{"x":0.167,"y":0.167},"i":{"x":0.667,"y":1},"s":[0],"t":0},{"o":{"x":0.333,"y":0},"i":{"x":0.667,"y":1},"s":[40],"t":10},{"o":{"x":0.333,"y":0},"i":{"x":0.833,"y":0.833},"s":[-30],"t":20},{"s":[0],"t":30.0000012219251}],"ix":10},"sa":{"a":0,"k":0},"o":{"a":0,"k":100,"ix":11}},"ef":[],"shapes":[{"ty":"gr","bm":0,"hd":false,"mn":"ADBE Vector Group","nm":"组 1","ix":1,"cix":2,"np":2,"it":[{"ty":"sh","bm":0,"hd":false,"mn":"ADBE Vector Shape - Group","nm":"路径 1","ix":1,"d":1,"ks":{"a":0,"k":{"c":false,"i":[[0,0],[50.254,0],[0,50.293]],"o":[[0,50.293],[-50.253,0],[0,0]],"v":[[90.993,-45.532],[0,45.532],[-90.992,-45.532]]},"ix":2}},{"ty":"st","bm":0,"hd":false,"mn":"ADBE Vector Graphic - Stroke","nm":"描边 1","lc":1,"lj":1,"ml":10,"o":{"a":0,"k":100,"ix":4},"w":{"a":0,"k":20,"ix":5},"c":{"a":0,"k":[1,1,1],"ix":3}},{"ty":"tr","a":{"a":0,"k":[0,0],"ix":1},"s":{"a":0,"k":[100,100],"ix":3},"sk":{"a":0,"k":0,"ix":4},"p":{"a":0,"k":[939.825,484.468],"ix":2},"r":{"a":0,"k":0,"ix":6},"sa":{"a":0,"k":0,"ix":5},"o":{"a":0,"k":100,"ix":7}}]},{"ty":"gr","bm":0,"hd":false,"mn":"ADBE Vector Group","nm":"组 2","ix":2,"cix":2,"np":4,"it":[{"ty":"sh","bm":0,"hd":false,"mn":"ADBE Vector Shape - Group","nm":"路径 1","ix":1,"d":1,"ks":{"a":0,"k":{"c":true,"i":[[18.406,0],[0,-18.423],[-18.407,0],[0,18.424]],"o":[[-18.407,0],[0,18.424],[18.406,0],[0,-18.423]],"v":[[86.672,-33.36],[53.344,-0.001],[86.672,33.36],[120,-0.001]]},"ix":2}},{"ty":"sh","bm":0,"hd":false,"mn":"ADBE Vector Shape - Group","nm":"路径 2","ix":2,"d":1,"ks":{"a":0,"k":{"c":true,"i":[[18.407,0],[0,-18.423],[-18.406,0],[0,18.424]],"o":[[-18.406,0],[0,18.424],[18.407,0],[0,-18.423]],"v":[[-86.672,-33.36],[-120,-0.001],[-86.672,33.36],[-53.344,-0.001]]},"ix":2}},{"ty":"mm","bm":0,"hd":false,"mn":"ADBE Vector Filter - Merge","nm":"合并路径 1","mm":1},{"ty":"fl","bm":0,"hd":false,"mn":"ADBE Vector Graphic - Fill","nm":"填充 1","c":{"a":0,"k":[1,1,1],"ix":4},"r":1,"o":{"a":0,"k":100,"ix":5}},{"ty":"tr","a":{"a":0,"k":[0,0],"ix":1},"s":{"a":0,"k":[100,100],"ix":3},"sk":{"a":0,"k":0,"ix":4},"p":{"a":0,"k":[939.5,429.922],"ix":2},"r":{"a":0,"k":0,"ix":6},"sa":{"a":0,"k":0,"ix":5},"o":{"a":0,"k":100,"ix":7}}]},{"ty":"gr","bm":0,"hd":false,"mn":"ADBE Vector Group","nm":"组 3","ix":3,"cix":2,"np":2,"it":[{"ty":"sh","bm":0,"hd":false,"mn":"ADBE Vector Shape - Group","nm":"路径 1","ix":1,"d":1,"ks":{"a":0,"k":{"c":true,"i":[[0,0],[0.064,-0.02],[0,-0.872],[19.992,-0.638],[0.002,-0.01],[0,0],[0.002,0.011],[0,21.097],[-0.054,0.857],[0.065,0.018],[0,0],[-0.103,0.019],[-18.835,0],[-0.67,-0.037],[-0.008,0.02],[0,0],[-0.007,-0.02],[-0.679,0],[0,-21.501],[0.059,-0.892]],"o":[[-0.065,0.018],[0.053,0.857],[0,21.097],[-0.001,0.011],[0,0],[-0.001,-0.01],[-19.991,-0.638],[0,-0.872],[-0.065,-0.02],[0,0],[0.103,-0.017],[2.436,-19.03],[0.679,0],[0.007,-0.02],[0,0],[0.006,0.02],[0.671,-0.037],[20.525,0],[0,0.907],[0,0]],"v":[[200,171.917],[199.807,171.978],[199.897,174.569],[163.883,213.469],[163.878,213.5],[-163.878,213.5],[-163.884,213.469],[-199.897,174.569],[-199.806,171.978],[-200,171.917],[-167.785,-179.727],[-167.479,-179.789],[-130.657,-213.5],[-128.632,-213.44],[-128.608,-213.5],[129.391,-213.5],[129.414,-213.44],[131.439,-213.5],[168.603,-174.57],[168.504,-171.875]]},"ix":2}},{"ty":"fl","bm":0,"hd":false,"mn":"ADBE Vector Graphic - Fill","nm":"填充 1","c":{"a":0,"k":[0.5765,0.2,0.9176],"ix":4},"r":1,"o":{"a":0,"k":100,"ix":5}},{"ty":"tr","a":{"a":0,"k":[0,0],"ix":1},"s":{"a":0,"k":[100,100],"ix":3},"sk":{"a":0,"k":0,"ix":4},"p":{"a":0,"k":[939.5,527],"ix":2},"r":{"a":0,"k":0,"ix":6},"sa":{"a":0,"k":0,"ix":5},"o":{"a":0,"k":100,"ix":7}}]}],"ind":1}],"v":"5.6.6","fr":29.9700012207031,"op":60.0000024438501,"ip":0,"assets":[]}