{"nm":"delete","ddd":0,"h":100,"w":100,"meta":{"g":"@lottiefiles/toolkit-js 0.26.1"},"layers":[{"ty":4,"nm":"red-3","sr":1,"st":0,"op":120,"ip":0,"hd":false,"ddd":0,"bm":0,"hasMask":false,"ao":0,"ks":{"a":{"a":0,"k":[2.5,0,0],"ix":1},"s":{"a":1,"k":[{"o":{"x":0.167,"y":0},"i":{"x":0.667,"y":1},"s":[320.833,320.833,100],"t":0},{"s":[320.833,320.833,100],"t":30}],"ix":6},"sk":{"a":0,"k":0},"p":{"a":1,"k":[{"o":{"x":0.167,"y":0.167},"i":{"x":0.358,"y":0.358},"s":[50,51.604,0],"t":0,"ti":[0,0,0],"to":[0,0,0]},{"o":{"x":0.333,"y":0},"i":{"x":0,"y":1},"s":[50,51.604,0],"t":30,"ti":[0,-0.938,0],"to":[0,0.938,0]},{"s":[50,57.229,0],"t":40}],"ix":2},"r":{"a":1,"k":[{"o":{"x":0.167,"y":0},"i":{"x":0.514,"y":1},"s":[0],"t":0},{"o":{"x":0.217,"y":0},"i":{"x":0.207,"y":1},"s":[0],"t":30},{"s":[-45],"t":40}],"ix":10},"sa":{"a":0,"k":0},"o":{"a":1,"k":[{"o":{"x":0.167,"y":0},"i":{"x":0.667,"y":1},"s":[100],"t":0},{"s":[100],"t":30}],"ix":11}},"ef":[],"shapes":[{"ty":"gr","bm":0,"hd":false,"mn":"ADBE Vector Group","nm":"Vector","ix":1,"cix":2,"np":2,"it":[{"ty":"sh","bm":0,"hd":false,"mn":"ADBE Vector Shape - Group","nm":"Path 1","ix":1,"d":1,"ks":{"a":0,"k":{"c":false,"i":[[0,0],[0,0]],"o":[[0,0],[0,0]],"v":[[0,0],[5,0]]},"ix":2}},{"ty":"st","bm":0,"hd":false,"mn":"ADBE Vector Graphic - Stroke","nm":"Stroke 1","lc":2,"lj":2,"ml":1,"o":{"a":0,"k":100,"ix":4},"w":{"a":0,"k":1.5,"ix":5},"d":[{"nm":"dash","n":"d","v":{"a":0,"k":0,"ix":1}},{"nm":"gap","n":"g","v":{"a":0,"k":0,"ix":2}}],"c":{"a":0,"k":[0.8627,0.149,0.149],"ix":3}},{"ty":"tr","a":{"a":0,"k":[0,0],"ix":1},"s":{"a":0,"k":[100,100],"ix":3},"sk":{"a":0,"k":0,"ix":4},"p":{"a":0,"k":[0,0],"ix":2},"r":{"a":0,"k":0,"ix":6},"sa":{"a":0,"k":0,"ix":5},"o":{"a":0,"k":100,"ix":7}}]},{"ty":"tm","bm":0,"hd":false,"mn":"ADBE Vector Filter - Trim","nm":"Trim Paths 1","ix":2,"e":{"a":1,"k":[{"o":{"x":0.333,"y":0},"i":{"x":0.667,"y":1},"s":[50],"t":28},{"s":[100],"t":37}],"ix":2},"o":{"a":0,"k":0,"ix":3},"s":{"a":1,"k":[{"o":{"x":0.333,"y":0},"i":{"x":0.667,"y":1},"s":[50],"t":28},{"s":[0],"t":37}],"ix":1},"m":1}],"ind":1},{"ty":4,"nm":"Vector","sr":1,"st":0,"op":120,"ip":0,"hd":false,"ddd":0,"bm":0,"hasMask":false,"ao":0,"ks":{"a":{"a":0,"k":[2.5,0,0],"ix":1},"s":{"a":1,"k":[{"o":{"x":0.167,"y":0},"i":{"x":0.667,"y":1},"s":[320.833,320.833,100],"t":0},{"s":[320.833,320.833,100],"t":30}],"ix":6},"sk":{"a":0,"k":0},"p":{"a":1,"k":[{"o":{"x":0.167,"y":0.167},"i":{"x":0.358,"y":0.358},"s":[50,51.604,0],"t":0,"ti":[0,0,0],"to":[0,0,0]},{"o":{"x":0.333,"y":0},"i":{"x":0,"y":1},"s":[50,51.604,0],"t":30,"ti":[0,-0.938,0],"to":[0,0.938,0]},{"s":[50,57.229,0],"t":40}],"ix":2},"r":{"a":1,"k":[{"o":{"x":0.167,"y":0},"i":{"x":0.514,"y":1},"s":[0],"t":0},{"o":{"x":0.217,"y":0},"i":{"x":0.207,"y":1},"s":[0],"t":30},{"s":[-45],"t":40}],"ix":10},"sa":{"a":0,"k":0},"o":{"a":1,"k":[{"o":{"x":0.167,"y":0},"i":{"x":0.667,"y":1},"s":[100],"t":0},{"o":{"x":0.333,"y":0},"i":{"x":0.833,"y":1},"s":[100],"t":33},{"s":[0],"t":38}],"ix":11}},"ef":[],"shapes":[{"ty":"gr","bm":0,"hd":false,"mn":"ADBE Vector Group","nm":"Vector","ix":1,"cix":2,"np":2,"it":[{"ty":"sh","bm":0,"hd":false,"mn":"ADBE Vector Shape - Group","nm":"Path 1","ix":1,"d":1,"ks":{"a":0,"k":{"c":false,"i":[[0,0],[0,0]],"o":[[0,0],[0,0]],"v":[[0,0],[5,0]]},"ix":2}},{"ty":"st","bm":0,"hd":false,"mn":"ADBE Vector Graphic - Stroke","nm":"Stroke 1","lc":2,"lj":2,"ml":1,"o":{"a":0,"k":100,"ix":4},"w":{"a":0,"k":1.5,"ix":5},"d":[{"nm":"dash","n":"d","v":{"a":0,"k":0,"ix":1}},{"nm":"gap","n":"g","v":{"a":0,"k":0,"ix":2}}],"c":{"a":0,"k":[0.2157,0.2549,0.3176],"ix":3}},{"ty":"tr","a":{"a":0,"k":[0,0],"ix":1},"s":{"a":0,"k":[100,100],"ix":3},"sk":{"a":0,"k":0,"ix":4},"p":{"a":0,"k":[0,0],"ix":2},"r":{"a":0,"k":0,"ix":6},"sa":{"a":0,"k":0,"ix":5},"o":{"a":0,"k":100,"ix":7}}]}],"ind":2},{"ty":4,"nm":"red-2","sr":1,"st":0,"op":120,"ip":24,"hd":false,"ddd":0,"bm":0,"hasMask":false,"ao":0,"ks":{"a":{"a":0,"k":[1.665,0,0],"ix":1},"s":{"a":1,"k":[{"o":{"x":0.167,"y":0},"i":{"x":0.353,"y":1},"s":[320.833,320.833,100],"t":0},{"o":{"x":0.333,"y":0},"i":{"x":0,"y":1},"s":[320.833,320.833,100],"t":30},{"s":[438.833,320.833,100],"t":40}],"ix":6},"sk":{"a":0,"k":0},"p":{"a":1,"k":[{"o":{"x":0.167,"y":0.167},"i":{"x":0.394,"y":0.394},"s":[49.984,64.438,0],"t":0,"ti":[0,0,0],"to":[0,0,0]},{"o":{"x":0.333,"y":0},"i":{"x":0,"y":1},"s":[49.984,64.438,0],"t":30,"ti":[0,1.177,0],"to":[0,-1.177,0]},{"s":[49.984,57.375,0],"t":40}],"ix":2},"r":{"a":1,"k":[{"o":{"x":0.167,"y":0},"i":{"x":0.27,"y":1},"s":[0],"t":0},{"o":{"x":0.144,"y":0},"i":{"x":0,"y":1},"s":[0],"t":30},{"s":[45],"t":40}],"ix":10},"sa":{"a":0,"k":0},"o":{"a":1,"k":[{"o":{"x":0.167,"y":0},"i":{"x":0.667,"y":1},"s":[100],"t":0},{"s":[100],"t":30}],"ix":11}},"ef":[],"shapes":[{"ty":"gr","bm":0,"hd":false,"mn":"ADBE Vector Group","nm":"Vector","ix":1,"cix":2,"np":2,"it":[{"ty":"sh","bm":0,"hd":false,"mn":"ADBE Vector Shape - Group","nm":"Path 1","ix":1,"d":1,"ks":{"a":0,"k":{"c":false,"i":[[0,0],[0,0]],"o":[[0,0],[0,0]],"v":[[0,0],[3.33,0]]},"ix":2}},{"ty":"st","bm":0,"hd":false,"mn":"ADBE Vector Graphic - Stroke","nm":"Stroke 1","lc":2,"lj":2,"ml":1,"o":{"a":0,"k":100,"ix":4},"w":{"a":0,"k":1.5,"ix":5},"d":[{"nm":"dash","n":"d","v":{"a":0,"k":0,"ix":1}},{"nm":"gap","n":"g","v":{"a":0,"k":0,"ix":2}}],"c":{"a":0,"k":[0.8627,0.149,0.149],"ix":3}},{"ty":"tr","a":{"a":0,"k":[0,0],"ix":1},"s":{"a":0,"k":[100,100],"ix":3},"sk":{"a":0,"k":0,"ix":4},"p":{"a":0,"k":[0,0],"ix":2},"r":{"a":0,"k":0,"ix":6},"sa":{"a":0,"k":0,"ix":5},"o":{"a":0,"k":100,"ix":7}}]},{"ty":"tm","bm":0,"hd":false,"mn":"ADBE Vector Filter - Trim","nm":"Trim Paths 1","ix":2,"e":{"a":1,"k":[{"o":{"x":0.333,"y":0},"i":{"x":0.667,"y":1},"s":[50],"t":27},{"s":[0],"t":35}],"ix":2},"o":{"a":0,"k":0,"ix":3},"s":{"a":1,"k":[{"o":{"x":0.333,"y":0},"i":{"x":0.667,"y":1},"s":[50],"t":27},{"s":[100],"t":35}],"ix":1},"m":1}],"ind":3},{"ty":4,"nm":"Vector","sr":1,"st":0,"op":120,"ip":0,"hd":false,"ddd":0,"bm":0,"hasMask":false,"ao":0,"ks":{"a":{"a":0,"k":[1.665,0,0],"ix":1},"s":{"a":1,"k":[{"o":{"x":0.167,"y":0},"i":{"x":0.353,"y":1},"s":[320.833,320.833,100],"t":0},{"o":{"x":0.333,"y":0},"i":{"x":0,"y":1},"s":[320.833,320.833,100],"t":30},{"s":[438.833,320.833,100],"t":40}],"ix":6},"sk":{"a":0,"k":0},"p":{"a":1,"k":[{"o":{"x":0.167,"y":0.167},"i":{"x":0.394,"y":0.394},"s":[49.984,64.438,0],"t":0,"ti":[0,0,0],"to":[0,0,0]},{"o":{"x":0.333,"y":0},"i":{"x":0,"y":1},"s":[49.984,64.438,0],"t":30,"ti":[0,1.177,0],"to":[0,-1.177,0]},{"s":[49.984,57.375,0],"t":40}],"ix":2},"r":{"a":1,"k":[{"o":{"x":0.167,"y":0},"i":{"x":0.27,"y":1},"s":[0],"t":0},{"o":{"x":0.144,"y":0},"i":{"x":0,"y":1},"s":[0],"t":30},{"s":[45],"t":40}],"ix":10},"sa":{"a":0,"k":0},"o":{"a":1,"k":[{"o":{"x":0.167,"y":0},"i":{"x":0.667,"y":1},"s":[100],"t":0},{"o":{"x":0.333,"y":0},"i":{"x":0.833,"y":1},"s":[100],"t":30},{"s":[0],"t":35}],"ix":11}},"ef":[],"shapes":[{"ty":"gr","bm":0,"hd":false,"mn":"ADBE Vector Group","nm":"Vector","ix":1,"cix":2,"np":2,"it":[{"ty":"sh","bm":0,"hd":false,"mn":"ADBE Vector Shape - Group","nm":"Path 1","ix":1,"d":1,"ks":{"a":0,"k":{"c":false,"i":[[0,0],[0,0]],"o":[[0,0],[0,0]],"v":[[0,0],[3.33,0]]},"ix":2}},{"ty":"st","bm":0,"hd":false,"mn":"ADBE Vector Graphic - Stroke","nm":"Stroke 1","lc":2,"lj":2,"ml":1,"o":{"a":0,"k":100,"ix":4},"w":{"a":0,"k":1.5,"ix":5},"d":[{"nm":"dash","n":"d","v":{"a":0,"k":0,"ix":1}},{"nm":"gap","n":"g","v":{"a":0,"k":0,"ix":2}}],"c":{"a":0,"k":[0.2157,0.2549,0.3176],"ix":3}},{"ty":"tr","a":{"a":0,"k":[0,0],"ix":1},"s":{"a":0,"k":[100,100],"ix":3},"sk":{"a":0,"k":0,"ix":4},"p":{"a":0,"k":[0,0],"ix":2},"r":{"a":0,"k":0,"ix":6},"sa":{"a":0,"k":0,"ix":5},"o":{"a":0,"k":100,"ix":7}}]}],"ind":4},{"ty":4,"nm":"red-1","sr":1,"st":0,"op":120,"ip":24,"hd":false,"ddd":0,"bm":0,"hasMask":false,"ao":0,"ks":{"a":{"a":0,"k":[6.85,6.43,0],"ix":1},"s":{"a":1,"k":[{"o":{"x":0.167,"y":0.167},"i":{"x":0.833,"y":0.833},"s":[320.833,320.833,100],"t":0},{"s":[320.833,320.833,100],"t":30}],"ix":6},"sk":{"a":0,"k":0},"p":{"a":1,"k":[{"o":{"x":0.167,"y":0.167},"i":{"x":0.833,"y":0.833},"s":[50,61.454,0],"t":0,"ti":[0,0,0],"to":[0,0,0]},{"s":[50,61.454,0],"t":30}],"ix":2},"r":{"a":1,"k":[{"o":{"x":0.167,"y":0.167},"i":{"x":0.833,"y":0.833},"s":[0],"t":0},{"s":[0],"t":30}],"ix":10},"sa":{"a":0,"k":0},"o":{"a":1,"k":[{"o":{"x":0.167,"y":0.167},"i":{"x":0.833,"y":0.833},"s":[100],"t":0},{"s":[100],"t":30}],"ix":11}},"ef":[],"shapes":[{"ty":"gr","bm":0,"hd":false,"mn":"ADBE Vector Group","nm":"Vector","ix":1,"cix":2,"np":2,"it":[{"ty":"sh","bm":0,"hd":false,"mn":"ADBE Vector Shape - Group","nm":"Path 1","ix":1,"d":1,"ks":{"a":0,"k":{"c":false,"i":[[0,0],[0,0],[2.79,0],[0,0],[0.11,1.57],[0,0]],"o":[[0,0],[-0.11,1.57],[0,0],[-2.79,0],[0,0],[0,0]],"v":[[13.7,0],[13.05,10.07],[10.06,12.86],[3.64,12.86],[0.65,10.07],[0,0]]},"ix":2}},{"ty":"st","bm":0,"hd":false,"mn":"ADBE Vector Graphic - Stroke","nm":"Stroke 1","lc":2,"lj":2,"ml":1,"o":{"a":0,"k":100,"ix":4},"w":{"a":0,"k":1.5,"ix":5},"d":[{"nm":"dash","n":"d","v":{"a":0,"k":0,"ix":1}},{"nm":"gap","n":"g","v":{"a":0,"k":0,"ix":2}}],"c":{"a":0,"k":[0.8627,0.149,0.149],"ix":3}},{"ty":"tr","a":{"a":0,"k":[0,0],"ix":1},"s":{"a":0,"k":[100,100],"ix":3},"sk":{"a":0,"k":0,"ix":4},"p":{"a":0,"k":[0,0],"ix":2},"r":{"a":0,"k":0,"ix":6},"sa":{"a":0,"k":0,"ix":5},"o":{"a":0,"k":100,"ix":7}}]},{"ty":"tm","bm":0,"hd":false,"mn":"ADBE Vector Filter - Trim","nm":"Trim Paths 1","ix":2,"e":{"a":1,"k":[{"o":{"x":0.333,"y":0},"i":{"x":0.667,"y":1},"s":[50],"t":25},{"s":[0],"t":34}],"ix":2},"o":{"a":0,"k":0,"ix":3},"s":{"a":1,"k":[{"o":{"x":0.333,"y":0},"i":{"x":0.667,"y":1},"s":[50],"t":25},{"s":[100],"t":34}],"ix":1},"m":1}],"ind":5},{"ty":4,"nm":"Vector","sr":1,"st":0,"op":120,"ip":0,"hd":false,"ddd":0,"bm":0,"hasMask":false,"ao":0,"ks":{"a":{"a":0,"k":[6.85,6.43,0],"ix":1},"s":{"a":1,"k":[{"o":{"x":0.167,"y":0.167},"i":{"x":0.833,"y":0.833},"s":[320.833,320.833,100],"t":0},{"s":[320.833,320.833,100],"t":30}],"ix":6},"sk":{"a":0,"k":0},"p":{"a":1,"k":[{"o":{"x":0.167,"y":0.167},"i":{"x":0.833,"y":0.833},"s":[50,61.454,0],"t":0,"ti":[0,0,0],"to":[0,0,0]},{"s":[50,61.454,0],"t":30}],"ix":2},"r":{"a":1,"k":[{"o":{"x":0.167,"y":0.167},"i":{"x":0.833,"y":0.833},"s":[0],"t":0},{"s":[0],"t":30}],"ix":10},"sa":{"a":0,"k":0},"o":{"a":1,"k":[{"o":{"x":0.167,"y":0},"i":{"x":0.667,"y":1},"s":[100],"t":0},{"o":{"x":0.333,"y":0},"i":{"x":0.667,"y":1},"s":[100],"t":30},{"o":{"x":0.333,"y":0},"i":{"x":0.667,"y":1},"s":[100],"t":34},{"s":[0],"t":38}],"ix":11}},"ef":[],"shapes":[{"ty":"gr","bm":0,"hd":false,"mn":"ADBE Vector Group","nm":"Vector","ix":1,"cix":2,"np":2,"it":[{"ty":"sh","bm":0,"hd":false,"mn":"ADBE Vector Shape - Group","nm":"Path 1","ix":1,"d":1,"ks":{"a":0,"k":{"c":false,"i":[[0,0],[0,0],[2.79,0],[0,0],[0.11,1.57],[0,0]],"o":[[0,0],[-0.11,1.57],[0,0],[-2.79,0],[0,0],[0,0]],"v":[[13.7,0],[13.05,10.07],[10.06,12.86],[3.64,12.86],[0.65,10.07],[0,0]]},"ix":2}},{"ty":"st","bm":0,"hd":false,"mn":"ADBE Vector Graphic - Stroke","nm":"Stroke 1","lc":2,"lj":2,"ml":1,"o":{"a":0,"k":100,"ix":4},"w":{"a":0,"k":1.5,"ix":5},"d":[{"nm":"dash","n":"d","v":{"a":0,"k":0,"ix":1}},{"nm":"gap","n":"g","v":{"a":0,"k":0,"ix":2}}],"c":{"a":0,"k":[0.2157,0.2549,0.3176],"ix":3}},{"ty":"tr","a":{"a":0,"k":[0,0],"ix":1},"s":{"a":0,"k":[100,100],"ix":3},"sk":{"a":0,"k":0,"ix":4},"p":{"a":0,"k":[0,0],"ix":2},"r":{"a":0,"k":0,"ix":6},"sa":{"a":0,"k":0,"ix":5},"o":{"a":0,"k":100,"ix":7}}]}],"ind":6},{"ty":4,"nm":"red","sr":1,"st":0,"op":120,"ip":0,"hd":false,"ddd":0,"bm":0,"hasMask":false,"ao":0,"ks":{"a":{"a":0,"k":[9,0.25,0],"ix":1},"s":{"a":1,"k":[{"o":{"x":0.167,"y":0.167},"i":{"x":0.833,"y":0.833},"s":[320.833,320.833,100],"t":0},{"s":[320.833,320.833,100],"t":40}],"ix":6},"sk":{"a":0,"k":0},"p":{"a":1,"k":[{"o":{"x":0.167,"y":0.167},"i":{"x":0.833,"y":0.833},"s":[50,29.884,0],"t":0,"ti":[0,0,0],"to":[0,0,0]},{"s":[50,29.884,0],"t":40}],"ix":2},"r":{"a":1,"k":[{"o":{"x":0.167,"y":0},"i":{"x":0.667,"y":1},"s":[0],"t":0},{"o":{"x":0.333,"y":0},"i":{"x":0.667,"y":1},"s":[0],"t":40},{"o":{"x":0.333,"y":0},"i":{"x":0.667,"y":1},"s":[-6.864],"t":50},{"o":{"x":0.333,"y":0},"i":{"x":0.667,"y":1},"s":[5.798],"t":54},{"o":{"x":0.333,"y":0},"i":{"x":0.667,"y":1},"s":[-2.626],"t":57},{"s":[-0.17],"t":61}],"ix":10},"sa":{"a":0,"k":0},"o":{"a":1,"k":[{"o":{"x":0.167,"y":0.167},"i":{"x":0.833,"y":0.833},"s":[100],"t":0},{"s":[100],"t":40}],"ix":11}},"ef":[],"shapes":[{"ty":"gr","bm":0,"hd":false,"mn":"ADBE Vector Group","nm":"Vector","ix":1,"cix":2,"np":2,"it":[{"ty":"sh","bm":0,"hd":false,"mn":"ADBE Vector Shape - Group","nm":"Path 1","ix":1,"d":1,"ks":{"a":0,"k":{"c":false,"i":[[0,0],[3.34,0],[1.98,-0.2],[0,0]],"o":[[-3.33,-0.33],[-1.98,0],[0,0],[0,0]],"v":[[18,0.5],[7.98,0],[2.04,0.3],[0,0.5]]},"ix":2}},{"ty":"st","bm":0,"hd":false,"mn":"ADBE Vector Graphic - Stroke","nm":"Stroke 1","lc":2,"lj":2,"ml":1,"o":{"a":0,"k":100,"ix":4},"w":{"a":0,"k":1.5,"ix":5},"d":[{"nm":"dash","n":"d","v":{"a":0,"k":0,"ix":1}},{"nm":"gap","n":"g","v":{"a":0,"k":0,"ix":2}}],"c":{"a":0,"k":[0.8627,0.149,0.149],"ix":3}},{"ty":"tr","a":{"a":0,"k":[0,0],"ix":1},"s":{"a":0,"k":[100,100],"ix":3},"sk":{"a":0,"k":0,"ix":4},"p":{"a":0,"k":[0,0],"ix":2},"r":{"a":0,"k":0,"ix":6},"sa":{"a":0,"k":0,"ix":5},"o":{"a":0,"k":100,"ix":7}}]},{"ty":"tm","bm":0,"hd":false,"mn":"ADBE Vector Filter - Trim","nm":"Trim Paths 1","ix":2,"e":{"a":1,"k":[{"o":{"x":0.333,"y":0},"i":{"x":0.667,"y":1},"s":[50],"t":30},{"s":[0],"t":35}],"ix":2},"o":{"a":0,"k":0,"ix":3},"s":{"a":1,"k":[{"o":{"x":0.333,"y":0},"i":{"x":0.667,"y":1},"s":[50],"t":30},{"s":[100],"t":35}],"ix":1},"m":1}],"ind":7},{"ty":4,"nm":"Vector","sr":1,"st":0,"op":120,"ip":0,"hd":false,"ddd":0,"bm":0,"hasMask":false,"ao":0,"ks":{"a":{"a":0,"k":[9,0.25,0],"ix":1},"s":{"a":1,"k":[{"o":{"x":0.167,"y":0.167},"i":{"x":0.833,"y":0.833},"s":[320.833,320.833,100],"t":0},{"s":[320.833,320.833,100],"t":40}],"ix":6},"sk":{"a":0,"k":0},"p":{"a":1,"k":[{"o":{"x":0.167,"y":0.167},"i":{"x":0.833,"y":0.833},"s":[50,29.884,0],"t":0,"ti":[0,0,0],"to":[0,0,0]},{"s":[50,29.884,0],"t":40}],"ix":2},"r":{"a":1,"k":[{"o":{"x":0.167,"y":0},"i":{"x":0.667,"y":1},"s":[0],"t":0},{"o":{"x":0.333,"y":0},"i":{"x":0.667,"y":1},"s":[0],"t":40},{"o":{"x":0.333,"y":0},"i":{"x":0.667,"y":1},"s":[-6.864],"t":50},{"o":{"x":0.333,"y":0},"i":{"x":0.667,"y":1},"s":[5.798],"t":54},{"o":{"x":0.333,"y":0},"i":{"x":0.667,"y":1},"s":[-2.626],"t":57},{"s":[-0.17],"t":61}],"ix":10},"sa":{"a":0,"k":0},"o":{"a":1,"k":[{"o":{"x":0.167,"y":0.167},"i":{"x":0.833,"y":0.833},"s":[100],"t":0},{"o":{"x":0.167,"y":0.167},"i":{"x":0.833,"y":0.833},"s":[100],"t":34},{"s":[0],"t":37}],"ix":11}},"ef":[],"shapes":[{"ty":"gr","bm":0,"hd":false,"mn":"ADBE Vector Group","nm":"Vector","ix":1,"cix":2,"np":2,"it":[{"ty":"sh","bm":0,"hd":false,"mn":"ADBE Vector Shape - Group","nm":"Path 1","ix":1,"d":1,"ks":{"a":0,"k":{"c":false,"i":[[0,0],[3.34,0],[1.98,-0.2],[0,0]],"o":[[-3.33,-0.33],[-1.98,0],[0,0],[0,0]],"v":[[18,0.5],[7.98,0],[2.04,0.3],[0,0.5]]},"ix":2}},{"ty":"st","bm":0,"hd":false,"mn":"ADBE Vector Graphic - Stroke","nm":"Stroke 1","lc":2,"lj":2,"ml":1,"o":{"a":0,"k":100,"ix":4},"w":{"a":0,"k":1.5,"ix":5},"d":[{"nm":"dash","n":"d","v":{"a":0,"k":0,"ix":1}},{"nm":"gap","n":"g","v":{"a":0,"k":0,"ix":2}}],"c":{"a":0,"k":[0.2157,0.2549,0.3176],"ix":3}},{"ty":"tr","a":{"a":0,"k":[0,0],"ix":1},"s":{"a":0,"k":[100,100],"ix":3},"sk":{"a":0,"k":0,"ix":4},"p":{"a":0,"k":[0,0],"ix":2},"r":{"a":0,"k":0,"ix":6},"sa":{"a":0,"k":0,"ix":5},"o":{"a":0,"k":100,"ix":7}}]}],"ind":8},{"ty":4,"nm":"red-0","sr":1,"st":0,"op":120,"ip":0,"hd":false,"ddd":0,"bm":0,"hasMask":false,"ao":0,"ks":{"a":{"a":0,"k":[3.5,1.485,0],"ix":1},"s":{"a":1,"k":[{"o":{"x":0.167,"y":0.167},"i":{"x":0.833,"y":0.833},"s":[320.833,320.833,100],"t":0},{"s":[320.833,320.833,100],"t":40}],"ix":6},"sk":{"a":0,"k":0},"p":{"a":1,"k":[{"o":{"x":0.167,"y":0.167},"i":{"x":0.833,"y":0.833},"s":[50,22.681,0],"t":0,"ti":[0,0,0],"to":[0,0,0]},{"s":[50,22.681,0],"t":40}],"ix":2},"r":{"a":1,"k":[{"o":{"x":0.167,"y":0},"i":{"x":0.667,"y":1},"s":[0],"t":0},{"o":{"x":0.333,"y":0},"i":{"x":0.667,"y":1},"s":[0],"t":40},{"o":{"x":0.333,"y":0},"i":{"x":0.667,"y":1},"s":[-6.864],"t":50},{"o":{"x":0.333,"y":0},"i":{"x":0.667,"y":1},"s":[5.798],"t":54},{"o":{"x":0.333,"y":0},"i":{"x":0.667,"y":1},"s":[-2.626],"t":57},{"s":[-0.17],"t":61}],"ix":10},"sa":{"a":0,"k":0},"o":{"a":1,"k":[{"o":{"x":0.167,"y":0.167},"i":{"x":0.833,"y":0.833},"s":[100],"t":0},{"s":[100],"t":40}],"ix":11}},"ef":[],"shapes":[{"ty":"gr","bm":0,"hd":false,"mn":"ADBE Vector Group","nm":"Vector","ix":1,"cix":2,"np":2,"it":[{"ty":"sh","bm":0,"hd":false,"mn":"ADBE Vector Shape - Group","nm":"Path 1","ix":1,"d":1,"ks":{"a":0,"k":{"c":false,"i":[[0,0],[0,0],[-1.69,0],[0,0],[-0.15,-0.92],[0,0]],"o":[[0,0],[0.16,-0.95],[0,0],[1.69,0],[0,0],[0,0]],"v":[[0,2.97],[0.22,1.66],[2.19,0],[4.81,0],[6.78,1.67],[7,2.97]]},"ix":2}},{"ty":"st","bm":0,"hd":false,"mn":"ADBE Vector Graphic - Stroke","nm":"Stroke 1","lc":2,"lj":2,"ml":1,"o":{"a":0,"k":100,"ix":4},"w":{"a":0,"k":1.5,"ix":5},"d":[{"nm":"dash","n":"d","v":{"a":0,"k":0,"ix":1}},{"nm":"gap","n":"g","v":{"a":0,"k":0,"ix":2}}],"c":{"a":0,"k":[0.8627,0.149,0.149],"ix":3}},{"ty":"tr","a":{"a":0,"k":[0,0],"ix":1},"s":{"a":0,"k":[100,100],"ix":3},"sk":{"a":0,"k":0,"ix":4},"p":{"a":0,"k":[0,0],"ix":2},"r":{"a":0,"k":0,"ix":6},"sa":{"a":0,"k":0,"ix":5},"o":{"a":0,"k":100,"ix":7}}]},{"ty":"tm","bm":0,"hd":false,"mn":"ADBE Vector Filter - Trim","nm":"Trim Paths 1","ix":2,"e":{"a":1,"k":[{"o":{"x":0.333,"y":0},"i":{"x":0.667,"y":1},"s":[50],"t":31},{"s":[0],"t":34}],"ix":2},"o":{"a":0,"k":0,"ix":3},"s":{"a":1,"k":[{"o":{"x":0.333,"y":0},"i":{"x":0.667,"y":1},"s":[50],"t":31},{"s":[100],"t":34}],"ix":1},"m":1}],"ind":9},{"ty":4,"nm":"Vector","sr":1,"st":0,"op":120,"ip":0,"hd":false,"ddd":0,"bm":0,"hasMask":false,"ao":0,"ks":{"a":{"a":0,"k":[3.5,1.485,0],"ix":1},"s":{"a":1,"k":[{"o":{"x":0.167,"y":0.167},"i":{"x":0.833,"y":0.833},"s":[320.833,320.833,100],"t":0},{"s":[320.833,320.833,100],"t":40}],"ix":6},"sk":{"a":0,"k":0},"p":{"a":1,"k":[{"o":{"x":0.167,"y":0.167},"i":{"x":0.833,"y":0.833},"s":[50,22.681,0],"t":0,"ti":[0,0,0],"to":[0,0,0]},{"s":[50,22.681,0],"t":40}],"ix":2},"r":{"a":1,"k":[{"o":{"x":0.167,"y":0},"i":{"x":0.667,"y":1},"s":[0],"t":0},{"o":{"x":0.333,"y":0},"i":{"x":0.667,"y":1},"s":[0],"t":40},{"o":{"x":0.333,"y":0},"i":{"x":0.667,"y":1},"s":[-6.864],"t":50},{"o":{"x":0.333,"y":0},"i":{"x":0.667,"y":1},"s":[5.798],"t":54},{"o":{"x":0.333,"y":0},"i":{"x":0.667,"y":1},"s":[-2.626],"t":57},{"s":[-0.17],"t":61}],"ix":10},"sa":{"a":0,"k":0},"o":{"a":1,"k":[{"o":{"x":0.167,"y":0.167},"i":{"x":0.833,"y":0.833},"s":[100],"t":0},{"o":{"x":0.167,"y":0.167},"i":{"x":0.833,"y":0.833},"s":[100],"t":33},{"s":[0],"t":38}],"ix":11}},"ef":[],"shapes":[{"ty":"gr","bm":0,"hd":false,"mn":"ADBE Vector Group","nm":"Vector","ix":1,"cix":2,"np":2,"it":[{"ty":"sh","bm":0,"hd":false,"mn":"ADBE Vector Shape - Group","nm":"Path 1","ix":1,"d":1,"ks":{"a":0,"k":{"c":false,"i":[[0,0],[0,0],[-1.69,0],[0,0],[-0.15,-0.92],[0,0]],"o":[[0,0],[0.16,-0.95],[0,0],[1.69,0],[0,0],[0,0]],"v":[[0,2.97],[0.22,1.66],[2.19,0],[4.81,0],[6.78,1.67],[7,2.97]]},"ix":2}},{"ty":"st","bm":0,"hd":false,"mn":"ADBE Vector Graphic - Stroke","nm":"Stroke 1","lc":2,"lj":2,"ml":1,"o":{"a":0,"k":100,"ix":4},"w":{"a":0,"k":1.5,"ix":5},"d":[{"nm":"dash","n":"d","v":{"a":0,"k":0,"ix":1}},{"nm":"gap","n":"g","v":{"a":0,"k":0,"ix":2}}],"c":{"a":0,"k":[0.2157,0.2549,0.3176],"ix":3}},{"ty":"tr","a":{"a":0,"k":[0,0],"ix":1},"s":{"a":0,"k":[100,100],"ix":3},"sk":{"a":0,"k":0,"ix":4},"p":{"a":0,"k":[0,0],"ix":2},"r":{"a":0,"k":0,"ix":6},"sa":{"a":0,"k":0,"ix":5},"o":{"a":0,"k":100,"ix":7}}]}],"ind":10}],"v":"5.7.8","fr":30,"op":69,"ip":0,"assets":[]}