{"v":"4.10.1","fr":60,"ip":0,"op":128,"w":500,"h":500,"nm":"Ã¥ÂÂÃ¦ÂÂ 1","ddd":0,"assets":[],"layers":[{"ddd":0,"ind":1,"ty":4,"nm":"Ã¢ÂÂÃ©ÂÂÃ¢ÂÂÃ¨Â½Â®Ã¥Â»Â","sr":1,"ks":{"o":{"a":0,"k":100,"ix":11},"r":{"a":0,"k":0,"ix":10},"p":{"a":0,"k":[210,250,0],"ix":2},"a":{"a":0,"k":[210,250,0],"ix":1},"s":{"a":0,"k":[100,100,100],"ix":6}},"ao":0,"shapes":[{"ty":"gr","it":[{"ind":0,"ty":"sh","ix":1,"ks":{"a":0,"k":{"i":[[2.761,0],[0,2.762],[0,0],[-26.467,0],[0,-26.467],[0,0],[2.762,0],[0,2.761],[0,0],[20.953,0],[0,-20.953],[0,0]],"o":[[-2.761,0],[0,0],[0,-26.467],[26.468,0],[0,0],[0,2.761],[-2.762,0],[0,0],[0,-20.953],[-20.953,0],[0,0],[0,2.762]],"v":[[-43,41.54],[-48,36.54],[-48,6.46],[0,-41.54],[48,6.46],[48,23.54],[43,28.54],[38,23.54],[38,6.46],[0,-31.54],[-38,6.46],[-38,36.54]],"c":true},"ix":2},"nm":"Ã¨Â·Â¯Ã¥Â¾Â 1","mn":"ADBE Vector Shape - Group","hd":false},{"ty":"fl","c":{"a":0,"k":[0.305999995213,0.475,0.717999985639,1],"ix":4},"o":{"a":0,"k":100,"ix":5},"r":1,"nm":"Ã¥Â¡Â«Ã¥ÂÂ 1","mn":"ADBE Vector Graphic - Fill","hd":false},{"ty":"tr","p":{"a":1,"k":[{"i":{"x":0.833,"y":0.833},"o":{"x":0.167,"y":0.167},"n":"0p833_0p833_0p167_0p167","t":0,"s":[252.094,214.46],"e":[252.094,217.548],"to":[0,-0.88492548465729],"ti":[0,2.13490223884583]},{"i":{"x":0.833,"y":0.833},"o":{"x":0.167,"y":0.167},"n":"0p833_0p833_0p167_0p167","t":17,"s":[252.094,217.548],"e":[252.094,200.46],"to":[0,-3.49431586265564],"ti":[0,1.44840788841248]},{"i":{"x":0.833,"y":0.833},"o":{"x":0.167,"y":0.167},"n":"0p833_0p833_0p167_0p167","t":41,"s":[252.094,200.46],"e":[167.094,200.46],"to":[0,-2.33333325386047],"ti":[0.83333331346512,0]},{"t":63}],"ix":2},"a":{"a":0,"k":[0,0],"ix":1},"s":{"a":1,"k":[{"i":{"x":[0.833,0.833],"y":[0.833,0.833]},"o":{"x":[0.167,0.167],"y":[0.167,0.167]},"n":["0p833_0p833_0p167_0p167","0p833_0p833_0p167_0p167"],"t":41,"s":[100,100],"e":[-100,100]},{"t":63}],"ix":3},"r":{"a":0,"k":0,"ix":6},"o":{"a":0,"k":100,"ix":7},"sk":{"a":0,"k":0,"ix":4},"sa":{"a":0,"k":3780,"ix":5},"nm":"Ã¥ÂÂÃ¦ÂÂ¢"}],"nm":"Ã§Â»Â 1","np":2,"cix":2,"ix":1,"mn":"ADBE Vector Group","hd":false},{"ty":"gr","it":[{"ind":0,"ty":"sh","ix":1,"ks":{"a":0,"k":{"i":[[6.763,-2.91],[0,0],[4.125,0],[0,4.125],[0,0],[0,7.829],[-10.493,0],[0,-10.493]],"o":[[0,0],[0,4.125],[-4.125,0],[0,0],[-6.762,-2.91],[0,-10.493],[10.493,0],[0,7.829]],"v":[[7.5,9.957],[7.5,19],[0,26.5],[-7.5,19],[-7.5,9.957],[-19,-7.5],[0,-26.5],[19,-7.5]],"c":true},"ix":2},"nm":"Ã¨Â·Â¯Ã¥Â¾Â 1","mn":"ADBE Vector Shape - Group","hd":false},{"ind":1,"ty":"sh","ix":2,"ks":{"a":0,"k":{"i":[[6.6,0],[0,0],[0,-6.6],[0,0],[-6.6,0],[0,0],[0,6.6],[0,0]],"o":[[0,0],[-6.6,0],[0,0],[0,6.6],[0,0],[6.6,0],[0,0],[0,-6.6]],"v":[[50,-52],[-50,-52],[-62,-40],[-62,40],[-50,52],[50,52],[62,40],[62,-40]],"c":true},"ix":2},"nm":"Ã¨Â·Â¯Ã¥Â¾Â 2","mn":"ADBE Vector Shape - Group","hd":false},{"ty":"mm","mm":1,"nm":"Ã¥ÂÂÃ¥Â¹Â¶Ã¨Â·Â¯Ã¥Â¾Â 1","mn":"ADBE Vector Filter - Merge","hd":false},{"ty":"fl","c":{"a":0,"k":[0.305999995213,0.475,0.717999985639,1],"ix":4},"o":{"a":0,"k":100,"ix":5},"r":1,"nm":"Ã¥Â¡Â«Ã¥ÂÂ 1","mn":"ADBE Vector Graphic - Fill","hd":false},{"ty":"tr","p":{"a":0,"k":[252.094,290.25],"ix":2},"a":{"a":0,"k":[0,0],"ix":1},"s":{"a":0,"k":[100,100],"ix":3},"r":{"a":0,"k":0,"ix":6},"o":{"a":0,"k":100,"ix":7},"sk":{"a":0,"k":0,"ix":4},"sa":{"a":0,"k":0,"ix":5},"nm":"Ã¥ÂÂÃ¦ÂÂ¢"}],"nm":"Ã§Â»Â 2","np":4,"cix":2,"ix":2,"mn":"ADBE Vector Group","hd":false}],"ip":0,"op":1800,"st":0,"bm":0}]}