[
    {
        "id": 1,
        "title": "Tâche 1",
        "description": "Ceci est la première tâche",
        "dueDate": "2023-09-30",
        "status": "En cours"
    },
    {
        "id": 2,
        "title": "Tâche 2",
        "description": "Ceci est la deuxième tâche",
        "dueDate": "2023-10-15",
        "status": "En attente"
    },
    {
        "id": 3,
        "title": "Tâche 3",
        "description": "Ceci est la troisième tâche",
        "dueDate": "2023-09-20",
        "status": "Terminée"
    },
    {
        "id": 4,
        "title": "Tâche 4",
        "description": "Ceci est la quatrième tâche",
        "dueDate": "2023-10-10",
        "status": "En cours"
    },
    {
        "id": 5,
        "title": "Tâche 5",
        "description": "Ceci est la cinquième tâche",
        "dueDate": "2023-09-25",
        "status": "En attente"
    }
]
