[
  {
    "jour": "Lundi",
    "matin": [
      "8",
      "11"
    ],
    "midi": [
      "14",
      "17"
    ]
  },
  {
    "jour": "Mardi",
    "matin": [
      "8",
      "11"
    ],
    "midi": [
      "14",
      "17"
    ]
  },
  {
    "jour": "Mercredi",
    "matin": [
      "8",
      "11"
    ],
    "midi": [
      "14",
      "17"
    ]
  },
  {
    "jour": "Jeudi",
    "matin": [
      "8",
      "11"
    ],
    "midi": [
      "14",
      "17"
    ]
  },
  {
    "jour": "Vendredi",
    "matin": [
      "8",
      "11"
    ],
    "midi": [
      "14",
      "17"
    ]
  },
  {
    "jour": "Samedi",
    "matin": [
      "8",
      "11"
    ],
    "midi": [
      "14",
      "17"
    ]
  },
  {
    "jour": "Dimanche",
    "matin": [
      "8",
      "11"
    ],
    "midi": [
      "14",
      "17"
    ]
  }
]