[
  {
    "idQuiz": 1,
    "nomQuiz": "Quiz de français",
    "section": 2,
    "question": 20,
    "module": "Les grammaires",
    "grade": 4,
    "duree": "30",
    "statut": "fa-solid fa-bullhorn",
    "couleur": "green"
  },
  {
    "idQuiz": 2,
    "nomQuiz": "Test de géographie",
    "section": 1,
    "question": 15,
    "module": "Géographie de seconde",
    "grade": 2,
    "duree": "45",
    "statut": "fa-solid fa-bullhorn",
    "couleur": "green"
  },
  {
    "idQuiz": 3,
    "nomQuiz": "Quiz d'histoire",
    "section": 4,
    "question": 25,
    "module": "Le japon",
    "grade": 3,
    "duree": "60",
    "statut": "fa-brands fa-firstdraft",
    "couleur": "red"
  },
  {
    "idQuiz": 4,
    "nomQuiz": "Test de biologie",
    "section": 3,
    "question": 18,
    "module": "Biologie marine",
    "grade": 2,
    "duree": "45",
    "statut": "fa-brands fa-firstdraft",
    "couleur": "red"
  },
  {
    "idQuiz": 5,
    "nomQuiz": "Quiz de chimie",
    "section": 2,
    "question": 30,
    "module": "",
    "grade": 4,
    "duree": "40",
    "statut": "fa-solid fa-bullhorn",
    "couleur": "green"
  },
  {
    "idQuiz": 6,
    "nomQuiz": "Test de physique",
    "section": 1,
    "question": 15,
    "module": "La physique quantique",
    "grade": 3,
    "duree": "60",
    "statut": "fa-brands fa-firstdraft",
    "couleur": "red"
  },
  {
    "idQuiz": 7,
    "nomQuiz": "Quiz de mathématiques avancées",
    "section": 4,
    "question": 22,
    "module": "",
    "grade": 4,
    "duree": "75",
    "statut": "fa-solid fa-bullhorn",
    "couleur": "green"
  },
  {
    "idQuiz": 8,
    "nomQuiz": "Test de programmation",
    "section": 3,
    "question": 20,
    "module": "Le langage Python",
    "grade": 3,
    "duree": "45",
    "statut": "fa-brands fa-firstdraft",
    "couleur": "red"
  },
  {
    "idQuiz": 9,
    "nomQuiz": "Quiz de langues étrangères",
    "section": 2,
    "question": 25,
    "module": "Anglais avancé",
    "grade": 2,
    "duree": "30",
    "statut": "fa-solid fa-bullhorn",
    "couleur": "green"
  },
  {
    "idQuiz": 10,
    "nomQuiz": "Test de psychologie",
    "section": 1,
    "question": 18,
    "module": "",
    "grade": 4,
    "duree": "60",
    "statut": "fa-brands fa-firstdraft",
    "couleur": "red"
  },
  {
    "idQuiz": 11,
    "nomQuiz": "Quiz de sciences sociales",
    "section": 4,
    "question": 20,
    "module": "Sociologie",
    "grade": 3,
    "duree": "45",
    "statut": "fa-solid fa-bullhorn",
    "couleur": "green"
  },
  {
    "idQuiz": 12,
    "nomQuiz": "Test de musique",
    "section": 3,
    "question": 15,
    "module": "Les bases de la guitare",
    "grade": 2,
    "duree": "40",
    "statut": "fa-solid fa-bullhorn",
    "couleur": "green"
  },
  {
    "idQuiz": 13,
    "nomQuiz": "Quiz d'art",
    "section": 2,
    "question": 25,
    "module": "Digital painting",
    "grade": 4,
    "duree": "30",
    "statut": "fa-solid fa-bullhorn",
    "couleur": "green"
  }
]