[
    {
    "idProj":1,
    "nom_entreprise": "Numerika Center",
    "date_soumission":"Janvier - Fév.  2024",
    "statut":"en_cours",
    "payement":"70% éffectués",
    "nombre":1
    },
    {
    "idProj":1,
    "nom_entreprise": "Numerika Center",
    "date_soumission":"Mars - Avr.  2024",
    "statut":"refuse",
    "payement":"70% éffectués",
    "nombre":1
    },
    {
    "idProj":1,
    "nom_entreprise": "Numerika Center",
    "date_soumission":"Mai - Juin  2024",
    "statut":"accepte",
    "payement":"100% éffectués",
    "nombre":1
    },
    {    
    "idProj":1,
    "nom_entreprise": "Numerika Center",
    "date_soumission":"Mai - Juin  2024",
    "statut":"In",
    "payement":"100% éffectués",
    "nombre":1
    }
]