[
  {
    "idProj": 1,
    "refProj": "P-001",
    "of": "NUMERIKA",
    "module": "Les bases de Excel",
    "type": "Excel For Business",
    "dateDebut": "01 sept 2023",
    "dateFin": "04 sept 2023",
    "statut": 1
  },
  {
    "idProj": 2,
    "refProj": "P-002",
    "of": "GRAPHITECH",
    "module": "Utilisation des masques d'écrêtage",
    "type": "Photoshop",
    "dateDebut": "17 sept 2023",
    "dateFin": "18 sept 2023",
    "statut": 3
  },
  {
    "idProj": 3,
    "refProj": "P-003",
    "of": "DESIGNMASTERS",
    "module": "Mise en page professionnelle",
    "type": "InDesign",
    "dateDebut": "10 oct 2023",
    "dateFin": "12 oct 2023",
    "statut": 2
  },
  {
    "idProj": 4,
    "refProj": "P-004",
    "of": "MOTIONLAB",
    "module": "Animation avancée",
    "type": "After Effects",
    "dateDebut": "05 sept 2023",
    "dateFin": "08 sept 2023",
    "statut": 1
  },
  {
    "idProj": 5,
    "refProj": "P-005",
    "of": "3DWORLD",
    "module": "Modélisation 3D",
    "type": "Cinema 4D",
    "dateDebut": "20 sept 2023",
    "dateFin": "22 sept 2023",
    "statut": 2
  },
  {
    "idProj": 6,
    "refProj": "P-006",
    "of": "WEBMASTERS",
    "module": "Développement Web avancé",
    "type": "Dreamweaver",
    "dateDebut": "12 oct 2023",
    "dateFin": "15 oct 2023",
    "statut": 3
  },
  {
    "idProj": 7,
    "refProj": "P-007",
    "of": "VIDEOSOLUTIONS",
    "module": "Montage vidéo professionnel",
    "type": "Premiere Pro",
    "dateDebut": "08 sept 2023",
    "dateFin": "10 sept 2023",
    "statut": 1
  },
  {
    "idProj": 8,
    "refProj": "P-008",
    "of": "MOTIONFX",
    "module": "Animation avancée",
    "type": "After Effects",
    "dateDebut": "17 oct 2023",
    "dateFin": "20 oct 2023",
    "statut": 2
  },
  {
    "idProj": 9,
    "refProj": "P-009",
    "of": "DESIGNMASTERS",
    "module": "Création vectorielle avancée",
    "type": "Illustrator",
    "dateDebut": "15 sept 2023",
    "dateFin": "18 sept 2023",
    "statut": 3
  },
  {
    "idProj": 10,
    "refProj": "P-010",
    "of": "VIDEOSTUDIO",
    "module": "Montage vidéo professionnel",
    "type": "Premiere Pro",
    "dateDebut": "01 oct 2023",
    "dateFin": "03 oct 2023",
    "statut": 1
  },
  {
    "idProj": 11,
    "refProj": "P-011",
    "of": "3DZONE",
    "module": "Modélisation 3D",
    "type": "Cinema 4D",
    "dateDebut": "25 sept 2023",
    "dateFin": "27 sept 2023",
    "statut": 2
  },
  {
    "idProj": 12,
    "refProj": "P-012",
    "of": "DESIGNPRO",
    "module": "Mise en page professionnelle",
    "type": "InDesign",
    "dateDebut": "22 sept 2023",
    "dateFin": "24 sept 2023",
    "statut": 3
  },
  {
    "idProj": 13,
    "refProj": "P-013",
    "of": "WEBTECH",
    "module": "Développement Web avancé",
    "type": "Dreamweaver",
    "dateDebut": "14 oct 2023",
    "dateFin": "17 oct 2023",
    "statut": 1
  },
  {
    "idProj": 14,
    "refProj": "P-014",
    "of": "PHOTOPRO",
    "module": "Retouche photo professionnelle",
    "type": "Photoshop",
    "dateDebut": "11 sept 2023",
    "dateFin": "13 sept 2023",
    "statut": 2
  },
  {
    "idProj": 15,
    "refProj": "P-015",
    "of": "GRAPHICXPRESS",
    "module": "Création vectorielle avancée",
    "type": "Illustrator",
    "dateDebut": "08 oct 2023",
    "dateFin": "10 oct 2023",
    "statut": 3
  },
  {
    "idProj": 16,
    "refProj": "P-016",
    "of": "3DACADEMY",
    "module": "Modélisation 3D",
    "type": "Cinema 4D",
    "dateDebut": "03 oct 2023",
    "dateFin": "05 oct 2023",
    "statut": 1
  },
  {
    "idProj": 17,
    "refProj": "P-017",
    "of": "MOTIONDESIGN",
    "module": "Animation avancée",
    "type": "After Effects",
    "dateDebut": "19 sept 2023",
    "dateFin": "21 sept 2023",
    "statut": 2
  },
  {
    "idProj": 18,
    "refProj": "P-018",
    "of": "VIDEOMAKERS",
    "module": "Montage vidéo professionnel",
    "type": "Premiere Pro",
    "dateDebut": "06 oct 2023",
    "dateFin": "09 oct 2023",
    "statut": 3
  },
  {
    "idProj": 19,
    "refProj": "P-019",
    "of": "DESIGNSTUDIO",
    "module": "Mise en page professionnelle",
    "type": "InDesign",
    "dateDebut": "29 sept 2023",
    "dateFin": "01 oct 2023",
    "statut": 1
  },
  {
    "idProj": 20,
    "refProj": "P-020",
    "of": "WEBCRAFT",
    "module": "Développement Web avancé",
    "type": "Dreamweaver",
    "dateDebut": "13 sept 2023",
    "dateFin": "16 sept 2023",
    "statut": 2
  }
]