[
  {
    "sceance": 1,
    "module": "Les bases de Excel",
    "ville": "Antananarivo",
    "lieu": "Carlton Anosy",
    "salle": "Salle Vorombola",
    "date": "12 sept 2023",
    "heureDebut": "9:00",
    "heureFin": "16:15",
    "formateur": "John Doe",
    "photo": "https://images.unsplash.com/photo-1534528741775-53994a69daeb?ixlib=rb-4.0.3&ixid=M3wxMjA3fDB8MHxzZWFyY2h8Mnx8cG9ydHJhaXR8ZW58MHx8MHx8fDA%3D&auto=format&fit=crop&w=500&q=60"
  },
  {
    "sceance": 2,
    "module": "Les bases de Excel",
    "ville": "Antananarivo",
    "lieu": "Carlton Anosy",
    "salle": "Salle Vorombola",
    "date": "13 sept 2023",
    "heureDebut": "9:00",
    "heureFin": "16:00",
    "formateur": "John Doe",
    "photo": "https://images.unsplash.com/photo-1534528741775-53994a69daeb?ixlib=rb-4.0.3&ixid=M3wxMjA3fDB8MHxzZWFyY2h8Mnx8cG9ydHJhaXR8ZW58MHx8MHx8fDA%3D&auto=format&fit=crop&w=500&q=60"
  },
  {
    "sceance": 3,
    "module": "Les bases de Excel",
    "ville": "Antananarivo",
    "lieu": "Carlton Anosy",
    "salle": "Salle Vorombola",
    "date": "14 sept 2023",
    "heureDebut": "9:00",
    "heureFin": "14:00",
    "formateur": "John Doe",
    "photo": "https://images.unsplash.com/photo-1534528741775-53994a69daeb?ixlib=rb-4.0.3&ixid=M3wxMjA3fDB8MHxzZWFyY2h8Mnx8cG9ydHJhaXR8ZW58MHx8MHx8fDA%3D&auto=format&fit=crop&w=500&q=60"
  }
]