[
  {
    "id": 1,
    "apprenant": "John Smith"
  },
  {
    "id": 2,
    "apprenant": "Sandra Gomez"
  },
  {
    "id": 3,
    "apprenant": "Michael Johnson"
  },
  {
    "id": 4,
    "apprenant": "Emily Davis"
  },
  {
    "id": 5,
    "apprenant": "Daniel Brown"
  },
  {
    "id": 6,
    "apprenant": "Sophia Martinez"
  },
  {
    "id": 7,
    "apprenant": "William Wilson"
  },
  {
    "id": 8,
    "apprenant": "Olivia Taylor"
  },
  {
    "id": 9,
    "apprenant": "James Anderson"
  },
  {
    "id": 10,
    "apprenant": "Ava Hernandez"
  }
]