[
  {
    "id": 1,
    "formateur": "John Smith"
  },
  {
    "id": 2,
    "formateur": "Sandra Gomez"
  },
  {
    "id": 3,
    "formateur": "Michael Johnson"
  },
  {
    "id": 4,
    "formateur": "Emily Davis"
  },
  {
    "id": 5,
    "formateur": "Daniel Brown"
  },
  {
    "id": 6,
    "formateur": "Sophia Martinez"
  },
  {
    "id": 7,
    "formateur": "William Wilson"
  },
  {
    "id": 8,
    "formateur": "Olivia Taylor"
  },
  {
    "id": 9,
    "formateur": "James Anderson"
  },
  {
    "id": 10,
    "formateur": "Ava Hernandez"
  }
]