[
  {
    "id": 1,
    "quartier": "Anosizato"
  },
  {
    "id": 2,
    "quartier": "Ambohimanarina"
  },
  {
    "id": 3,
    "quartier": "Analamahitsy"
  },
  {
    "id": 4,
    "quartier": "Anosy"
  },
  {
    "id": 5,
    "quartier": "Ampasapito"
  },
  {
    "id": 6,
    "quartier": "Soamanandrariny"
  },
  {
    "id": 7,
    "quartier": "67Ha"
  },
  {
    "id": 8,
    "quartier": "Ankasina"
  },
  {
    "id": 9,
    "quartier": "Mahazo"
  },
  {
    "id": 10,
    "quartier": "Tsimbazaza"
  }
]